Name,Price
Long pointelle-knit dress,34.99
Crêpe slip dress,17.99
Pleated bandeau dress,44.99
Corset-style jersey mini dress,19.99
Bouclé dress,44.99
Ribbed bodycon dress,15.99
Pointelle-knit dress,44.99
Long Fitted Strap DressLong Crinkle Dress,,34.0
Linen-blend shirt dress,57.024.99
Drape Mini Dress
,34.0
Sleeveless Slitted Maxi Dress,29.0
Linen-blend puff-sleeved dress,29.99
Draped jersey dress,64.99
One-shoulder dress,21.99
Rib Square Neck Tee DressMesh mini dress,,24.9944.99
Drawstring-waist dress,27.99
Textured jersey maxi dress,Waisted T-shirt dress,12.99
Tie-detail dress,18.99
A-line throw-on dressSmock-detail dress
,37.99
Twist-detail shirt dressLong pointelle-knit dressBubble-hem bandeau dress34.99,,Pleated chiffon dress34.99
,Denim bodycon dress39.99
,24.99
,H&M+ Puff-sleeved poplin dress15.99
,Sheer beaded dress,139.99,
21.99
Turtleneck dressBroderie anglaise beach dress,,27.9927.99
Crochet-look beach dress,18.99

Drawstring-detail midi dress21.99
Broderie anglaise dressCrinkled jersey dress24.99,
15.99
Cotton dress,44.99
One-shoulder dress
,Crinkled wrap dressBandeau dress,15.99
Rhinestone-embellished satin dress,29.99
,Rib Jersey Dress,77.0
Rib Bouclé DressCrinkled jersey dress,67.0,15.99
37.99
Modal-blend utility dress,64.99
Jersey bodycon dress,14.99
Halterneck Midi Dress,67.0
Cupro-Cotton Dress,97.0
Tie-belt blazer dress,44.99
Tie-detail dress,21.99
Shoulder-pad midi dress,44.99
Sheer dress,32.99
Patterned maxi dress,54.99
Rib-knit bodycon dress,27.99
POLKA-DOT SILK-CHIFFON MIDI DRESS,155.0
Tie-belt dress,27.99
Long-sleeved jersey dress,18.99
Draped jersey dress,54.99
Lyocell-blend kaftan dress,49.99
Rib-knit V-neck dress,27.99
Bodycon dress,37.99
Halterneck Midi Dress,67.0
2-piece bodycon dress and bolero set,19.99
Fitted satin dress,44.99
Puff-Sleeve Mini Dress,125.0
Tiered Poplin Maxi Dress,49.99
Collared jersey dress,21.99
Jersey bodycon dress,14.99
Twist-detail shirt dress,21.99
Draped jersey dress,54.99
FLARED POLO SHIRT DRESS,85.0
Long-sleeved jersey dress,18.99
Butterfly-sleeved dress,24.99
,17.99
Rib-knit bodycon dress,19.99
Rib-knit bodycon dress,19.99
Draped satin dress,54.99
Rib-knit dress,32.99
Rib-knit dress,32.99
Ribbed Tank Dress,25.0
Short-Sleeve Cotton Dress,57.0
Off Shoulder Maxi Dress,89.0
Frill Neck Dress,119.0
Linen Dress,59.0
A-Line Racerback Dress,57.0
Cupro Slip Dress,77.0,32.99
Embroidered dress,44.99
A-line jersey dressOpen-back crêpe dress,9.99,19.99
Tie-detail dress,18.99
Smocked-waist jersey dress54.99,
18.99
Ribbed maxi dressTie-belt shirt dress,12.99
Draped jersey dress,27.99
Textured strappy dress,34.99
Puff-sleeved babydoll dress,19.99
Linen-blend dress,54.99
Embroidered dress,79.99
Ribbed bodycon dress,12.99
Puff-sleeved babydoll dress,19.99
Knitted turtleneck dress,39.99
Knitted turtleneck dress,39.99
Babydoll dress with rounded sleeves,79.99
Ribbed one-shoulder dress,12.99
Draped jersey dress,39.99
Ruffled off-the-shoulder dress,44.99
Coated bandeau dress,37.99
Tie-belt shirt dress,29.99
Button-front dress,32.99
Tapered-waist dress,37.99
Embellished mesh-knit mini dress,189.99
Muslin wrap dress,37.99
Twist-detail dress,64.99
Broderie anglaise-detail dress,22.99
Draped jersey dress,18.99
Sleeveless denim dress
,37.99
Super soft t-shirt dressLinen Midi Wrap Dress,32.99
,Pleated chiffon dress95.0
,44.99
Drawstring-detail kaftan dressPleated wrapover dress,,37.99
Lyocell-blend kaftan dressPicot-trimmed jersey dress,,49.9915.99

Long halterneck dressRibbed Twist-Front Midi Dress,Plissé dress,27.99

Flared-skirt bandeau dress,54.99
Ladder-stitch-look knitted mini dressTie-belt shirt dress,29.99
Broderie anglaise dress,32.99
,44.99Draped dress,,27.99
Oversized satin shirt dress24.99,74.99
H&M+ Printed sweatshirt dress,
Flared-skirt cotton dress,17.99
Drawstring-detail dress,18.99
Ribbed bandeau dress,15.99
Cotton T-shirt dress,12.99
Cotton T-shirt dress,12.99999
Picot-trimmed jersey dress,15.99
Viscose tunic dress,18.99
Tie-belt shirt dress,21.99
Cotton T-shirt dress,12.99999
Pleated bandeau dress,54.99
Drawstring-detail kaftan dress,37.99
Tie-detail rib-knit dress,24.99
Picot-trimmed jersey dress,15.99
Ribbed maxi dress,12.99
Cotton T-shirt dress,12.99999
Viscose tunic dress,18.99
Smocked off-the-shoulder dress,27.99
Frill-trimmed cotton dress,15.99
Tiered maxi dress,32.99
Ribbed jersey dress,11.99
Tie-detail throw-on dress,15.99
Gathered dress with flared skirt,,9.99
Gathered dress with flared skirt,9.99
Lace-up kaftan dress,44.9965.0
Belted Shirt Midi Dress
,95.0
Tiered Strap Dress,27.99Linen-blend shirt dressGathered dress with flared skirt
,,27.999.99Cap-sleeved bodycon dress
Jersey wrap dress19.99,
12.99,
H&M+ Tie-belt cotton shirt dress27.99
Tie-detail satin dressSmocked-waist jersey dress,19.99
,18.99Ribbed Tank Dress54.99
,57.0
89.0Belted shirt dressDryMove™ Tennis dress
,
Smocked jersey dress,,Smock-topped dress18.9937.99
,Cap-sleeved bodycon dress
18.99
Waisted T-shirt dress,Oversized shirt dress
,18.99,
27.99
Lace-inset cotton dressWaisted T-shirt dress,,12.99
34.99Ribbed jersey dress,12.99
Ribbed bodycon dress,11.99
,Smock-topped dress15.99,
18.99
Viscose tunic dressBelted Linen Shirt Dress,18.99,95.0
32.99Bias-Cut Midi Dress
,Tie-belt blazer dress110.0
Short Satin Dress,44.99,85.0

Satin Lavallière-Neck Mini DressHooded sweatshirt dress,120.0
,19.99Ruffled Wrap Mini Dress
,Bouclé blazer dressH&M+ Gathered bodycon dress,54.99
,V-neck tunic19.99
,H&M+ Printed sweatshirt dress18.99
Flared-skirt jersey dress12.99
,Smock-topped dress12.99
,Rib-knit bodycon dress18.99,27.99

Collared dressMacramé-belt dress,27.99
Textured jersey strappy dress,
,Oversized cotton dress19.99
,Draped one-shoulder dress27.99
Twist-detail crochet-look dress,29.99
,Ribbed bodycon dress32.99
Corduroy dungaree dress,,24.999.99

Twist-detail dress,Scoop-neck beach dress64.99
,21.99

Tie-belt denim shirt dress,34.99
Rib-knit dress,29.99
Draped jersey dressRibbed maxi dress,18.99
,Off-the-shoulder dress,44.99
Tie-detail satin dress,37.99
Satin slip dress
,12.99
Sheer corset-style dressA-line throw-on dress,89.99
,15.99Ribbed jersey dress
Drawstring-detail midi dress,19.99
,Gathered mesh dress15.99
,19.99
Drawstring-detail maxi dress12.99Button-front cotton dress,
21.99,Frilled-collar dress21.99
Long lace dress,27.99
A-line dress,37.99
Tie-strap dress,18.99
Draped bodycon dress,19.99
,37.99
Linen-blend shirt dress,44.99
Rhinestone-trimmed bandeau dress
,42.99
Rib-knit bodycon dress,110.029.99

Hooded sweatshirt dressMini Knitted Polo Dress,19.99
,Balloon-sleeved dress110.0
,34.99Satin Lavallière-Neck Mini Dress,,120.024.99
21.99H&M+ Drawstring-detail bodycon dress
Pleated bandeau dress,14.99
,Eva Maxi Dress54.99
,Linen-blend midi dress49.0
Washed Draped Maxi Dress,27.99,49.0
Rib-knit turtleneck dressBead-embellished satin dress,,84.9929.99

Knitted DressBouclé-knit bodycon dress,97.0
,Nicole Sheer Mini Dress34.99
,Draped one-shoulder dress,
37.99
Jersey wrap dressBead-detail halterneck dressTie-detail double-weave cotton dress,12.99
,37.99
Flounce-trimmed dressDryMove™ Tennis dress,Mini Long Sleeve Linen Blend Dress,27.99
Viscose tunic dress,,49.0

Tie-belt dress,Knitted dress27.99

,27.99

Structured Mini DressRibbed bodycon dress37.0,
95.0
Textured jersey dressFlared Rib Midi Dress,19.99,
110.0
Sequined tie-back dressRelaxed Wool Dress,,44.99
97.0Viscose shirt dress
Relaxed T-Shirt Dress,,19.9947.0

Relaxed T-Shirt Dress,,24.9947.0

Satin shirt dress,54.9918.99

Ruched sleeveless mini dressRib-knit dress,34.99
,Lace-knit kaftan dress32.99
,Frilled-collar dress59.99
Turtleneck bodycon dress,27.99,
19.99
V-neck bodycon dressRib-knit dress,,24.9918.99
VOLUMINOUS V-NECK MAXI DRESSTie-detail dress,,18.99115.0
Boat-neck jersey dressShort textured-knit dress,12.99
,Viscose tunic dress29.99
,Lace-detail tunic dress18.99
Beach kaftan,54.99,12.99
,Muslin dress12.99
,15.99Frill-trimmed cotton dress
Tie-detail throw-on dress,15.99
,15.99Sleeveless bubble-hem dressPleated dress,15.99
Tie-belt shirt dress,34.99
,27.99Cotton halterneck dress
,17.99
Ruched Front DressFlutter Sleeve Wrap Midi Dress,,95.095.0

Wide T-Shirt DressMesh mini dress,,44.99
24.99PRINTED MIDI SHIRT DRESS
,99.0Knitted bandeau dress
,39.99
Satin slip dressPleat-detail dress,,24.9919.99

Jersey wrap dressFlutter-Sleeve Midi Dress,,87.032.99

Gathered bodycon dressRib-knit dress,18.99
,34.99Frilled-collar dress
Rib-knit collared dress,32.99
Oversized zip-top dress,34.99
Gathered midi dress,18.99
Stand-up collar dress,18.99
Rib-knit bodycon dress,15.99
MAMA Tie-detail dress,24.99,27.99

Textured mini dressShimmering metallic denim dress,37.99
RACER-NECK MIDI DRESS
,85.0
Collared rib-knit dressStructured Mini Dress,95.0
,Draped dress29.99
Ribbed bodycon dress,,27.9918.99

Lace-trimmed ribbed dressRib-knit bodycon dress,,24.9929.99

Linen-blend smocked-waist dressGathered jersey dress,,29.9918.99
Asymmetric-hem slip dress
,44.99Beach kaftan
Utility dressCrochet-look beach dress57.0
,27.99Lace-Trimmed Slip Dress
Off-the-shoulder poplin dress,95.0
,Flared Babydoll Midi Dress27.99
,85.0

Knitted mini dress,27.99
Button-front dress,32.99
Balloon-sleeved dress,44.99
,37.99

Rib-knit bodycon dressRib-knit bodycon dress,27.99
Draped bandeau dress,24.99
,Fitted denim dress27.99
,29.99
Bow-detail lace dressOverlock-detail lace dress,24.99
Zip-top rib-knit dress,24.99
,Draped jersey dress29.99
,12.99
Draped jersey dress,27.99
Open-back denim dress,12.99
,Poplin-skirt ribbed jersey dress29.99
Knitted midi dress,19.99
,Drawstring-detail maxi dress37.99
,SLEEVELESS CUTOUT MAXI DRESS,37.99
89.0
RIBBED TUBE DRESSGATHERED A-LINE LINEN MINI DRESS,69.0
CONTRAST-PANEL MIDI DRESS,45.0,85.0
Asymmetric One-Shoulder Midi DressV-neck dress,95.0
SLIM-FIT CORSET-STYLE A-LINE DRESS,,32.99
Twist-detail dress
,14.99
Sleeveless Linen DressSequined crochet-look mini dress,,19.99
Tie-belt balloon-sleeved dressRibbed dress,19.99
Tie-belt shirt dress,21.99
Long-sleeved midi dressBroderie anglaise dress,44.99
Jacquard-weave dress,44.99
Blazer wrap dress,59.99
,Ruffled patterned dress,119.99
Halterneck sequined mini dressSequined wrap dress,79.99
Oversized shirt dress,44.99
,Rib-knit bodycon dress49.99
Patterned shirt dress,34.99
,Draped bodycon dress17.99
Viscose shirt dress,15.99
,19.99
Draped jersey dressLong-sleeved midi dress,27.99,44.99
,Tapered-waist dress21.99
,Linen-blend dress37.99
Silk dress,21.991499
Textured wrap dress,139.99
,27.991999
Smocked bodycon dress
,15.99
Puff-sleeved dressCrinkled button-front dress,18.99,37.99
Linen-blend puff-sleeved dress99.0
,29.99SWEATSHIRT DRESS
,Mesh-detail bodycon dress79.0
CONTRAST-PANEL MINI DRESS,24.99,79.0
CONTRAST-PANEL MINI DRESS69.0,
Cowl-Neck Satin Dress79.0
,LONG-SLEEVED KNEE-LENGTH DRESS95.0
,69.0
KNITTED BODYCON MINI DRESS,,27.99
Ribbed jersey dress29.99
,Flounce-detail mini dress18.99
Sleeveless bubble-hem dress,21.99
,15.99

Twist-detail dressSequined wrap dress,14.99
Textured wrap dressJacquard-weave dress,,37.99


Fitted Midi Buttoned Shirt DressLinen Wrap Mini Dress,85.0
Strapless Bustier Midi Dress,95.0
,Wide Ruffled Mini Dress120.0
Glittery plumeti slip dress,,29.99
69.0
Flounce-trimmed dressOFF-THE-SHOULDER DRESS,79.0
,OPEN-BACK JERSEY MIDI DRESS44.99
,59.0
Rib-knit bodycon dressFRINGED TIERED MIDI DRESS,150.0
,34.99Cashmere-blend bodycon dress,,54.9999.99

Cashmere-blend rib-knit dressPlissé dress,79.99
,Rib-knit bodycon dress27.99
Tie-detail double-weave cotton dress,37.9927.991999

Crochet-look knitted dress,19.99
Oversized T-shirt dressSatin slip dress,,19.9912.99

Broderie anglaise dressRibbed bodycon dress,54.99,
9.99
V-neck bodycon dressDrawstring-detail dress,24.99
,37.99
Glittery tie-detail tunic dressOversized T-shirt dress,19.99
Flared-skirt bandeau dress,12.99
Ribbed tube dress,19.99
,17.99
DryMove™ Tennis dressSmocked-waist cotton dress,,32.9937.99

Draped bodycon dressRibbed bodycon dress,,19.999.99

Crinkled tie-detail dressLinen Diagonal Wrap Dress,37.99
,75.0Gathered viscose dress
Cap-Sleeve Satin Midi Dress,54.99
,115.0
Long strappy dressLinen-Blend Mini Dress,,18.9977.0

Tie-detail beach dressFitted Puff Sleeve Dress,,32.9995.0

Ribbed maxi dressCOLLARLESS MINI SHIRT DRESS,,85.012.99

Linen Midi Wrap DressKnitted beach dress,95.0,
32.99
Short Sleeve Maxi Wrap Dress,49.99
Cotton dress,24.99
Gathered satin dressBroderie anglaise dress,19.99
Pointelle-knit dress,29.99
Textured jersey dress,32.99
Viscose tunic dressSmocked off-the-shoulder dress,,27.9918.99

Tie-belt crêpe dressOpen-back knitted dress,32.99
,24.99Linen-blend dress
Kaftan beach dress,21.991499
,32.99
V-neck beach dressFlared-skirt cotton dress,17.99
Smocked-bodice dress,12.99
Plissé maxi dress85.0,37.99

Crochet-look beach dress,18.99
Tie-Neck Midi DressDrawstring-detail cotton dress,85.0
,27.99
Linen-blend shirt dressCupro-Cotton Dress,27.99
Drawstring-detail cotton dress,97.0
,27.99
VOLUMINOUS V-NECK MAXI DRESSShort Sleeve Maxi Wrap Dress,49.99

Oversized beach kaftanDraped bodycon dress,18.99
Tie-detail beach dress,15.99
,27.99
Embroidered A-line dressBouclé dress,19.99
Gathered viscose dress,34.99
,54.99Oversized knitted dress
Flared-skirt dress,19.99
,Sequined slip dress44.99
Tiered shirt dress,29.99
,Rib-knit bodycon dress29.99
Ribbed dress,29.99
Knitted turtleneck dress,,39.99
Glittery mesh dress,12.99
Ribbed bodycon dress,15.99
Rib-knit bodycon dress,27.99
Muslin dress,15.99
Ribbed bodycon dress,12.99
Super soft t-shirt dress,32.99
Draped one-shoulder dress,32.99
Linen-blend dress,54.99
Tapered-waist dress,27.99
Drawstring-detail dress,27.99
Collared Midi Shirt Dress,75.0
HALTERNECK A-LINE MAXI DRESS,155.0
Cotton dress,27.99
Jacquard-weave off-the-shoulder dress,54.99
Pleated jersey dress,44.99
Draped silk shirt dress,99.999.99

Oversized crinkled dressBeaded-tie-detail hole-knit dress,37.99
Puff Sleeve Midi Dress,,120.0
LINEN-BLEND MINI BUSTIER DRESS39.99
,89.0
Ruffled off-the-shoulder dress,,44.99
29.99
Embroidered A-line dressRib-knit dress,19.99
,27.99Kaftan beach dress
Rhinestone-embellished dress,32.99
,Gathered viscose dress139.99
Draped linen-blend dress,54.99
Smock-waisted T-shirt dressRibbed tube dress,17.99
Short Sleeve Maxi Wrap Dress,,49.9917.99

One-shoulder dressCrochet-look beach dress,64.99
,27.99
Cotton T-shirt dressMacramé-belt dress,12.99999
A-line jersey dress,27.99
Draped cowl-neck dress,9.99
V-neck beach dress,21.99,
12.99
Rib-knit bodycon dress,,27.9927.99

Smock-waisted T-shirt dressASYMMETRIC LACE-TRIMMED SATIN DRESS,17.99
,135.0
ASYMMETRIC-SLEEVE MIDI DRESSCrochet-look dress,99.0,
27.99
WAISTED MIDI SHIRT DRESSOpen-back dress,89.0,
54.99
ASYMMETRIC WOOL SHIRT DRESS,115.0,
12.99
Fitted Back Cut-Out DressViscose tunic dress,75.0
,18.99
Draped jersey dressOff-the-shoulder poplin dress,27.99
,27.99
Tiered-skirt smocked dressBelted shirt dress,15.99
Bouclé dress,27.99
,27.99Tie-detail throw-on dress
Textured jersey dress,15.99
Ribbed bodycon dressStrappy Linen Mini Dress,14.99
,Ribbed bodycon dress,,115.014.99
ONE-SHOULDER DENIM MINI DRESSTie-strap smocked dress,89.0
,12.99
Open-back knitted dress,37.99,24.99
Ribbed bandeau dressRibbed bodycon dress,9.99,15.99
Long A-line dressMicrofibre maxi dress,27.99
V-neck tunic,18.99,18.99
,27.99
65.0Broderie anglaise dress
,29.99
Linen-blend shirt dressBabydoll Pleated Bodice Dress,54.99
Tie-belt dress,95.0
Puff Sleeve Linen Midi Dress
,120.0
Tiered Poplin Maxi DressFitted Puff Sleeve Dress,95.0
Draped dressAsymmetric Midi Wrap Dress,120.0
,49.99
Slim Satin Midi Dress
,97.0
Textured jersey dressTiered Maxi Dress,97.0,21.99
Smocked off-the-shoulder dress
,27.99
Button-front cotton dress
,21.99
Embroidered dressBalloon-sleeved crêpe dress,,24.99
A-line lace dressLinen-blend midi dress,84.99
One-shoulder dress,32.99,64.99
,27.99
,V-neck tunic49.99
,V-Neck Strappy Midi Dress18.99
Draped bodycon dress,75.0
,18.99
Rib-knit bodycon dressLong Crinkle DressRelaxed Double-Puff Sleeve Dress,95.0
Pleated Midi Dress
,97.0
DRAPED CAP-SLEEVE MIDI DRESSDraped V-Neck Dress,135.0
,75.0PLEATED BANDEAU MAXI DRESS
Draped Cowl Neck Midi Dress,115.0
,OPEN-BACK MINI PINAFORE DRESS85.0
,Printed Buttoned Mini Dress69.0
LINEN-BLEND MINI BUSTIER DRESS,65.0
,Scoop-Neck Chiffon Midi Dress,120.0
Strappy dress,18.99
Tie-detail dress,15.99
Belted dress,27.99
Crochet-look knitted dress,24.99
Tie-detail dress,18.99
Microfibre T-shirt dress,15.99
Linen shirt dress,44.99
Draped cowl-neck dress,21.99
Microfibre maxi dress,18.99
Drawstring-detail dress,21.99
Knitted A-line dress,54.99
Tie-detail crochet-look dress,34.99
Pleated bandeau dress,37.99
Macramé-belt dress,27.99
Off-the-shoulder bubble-hem dress,15.99
Satin slip dress,19.99
Ribbed bodycon dress44.99,9.99
Oversized T-shirt dress
,12.99Twist-detail T-shirt dress

Long strappy dress,,42.9918.99
Textured jersey dressRibbed jersey dress,,19.99
29.99Crinkled dress,
57.0,
18.99
Gathered bodycon dressRIBBED TUBE DRESS,45.0
Linen Wrap Mini Dress,89.0
OPEN-BACK MINI PINAFORE DRESSButtoned V-Cut Midi Dress,69.0
LINEN-BLEND MINI BUSTIER DRESS,85.0Tie-detail beach dress,89.0
V-NECK MIDI SLIP DRESS,,27.9989.0
V-NECK MIDI SLIP DRESS
,89.0
,Rib-knit bodycon dress11.99
Short Puffy Babydoll Dress,Shift dress17.99
CORDUROY MIDI SHIRT DRESS,,59.9927.99,
,Tie-belt shirt dress89.99
85.0

Flared-skirt bandeau dressTiered Midi Dress,
,95.0
Flounce-trimmed dressRuffle Neck Linen Midi DressTie-belt shirt dress,,54.99
Ribbed bodycon dress
,9.99
Ruffled off-the-shoulder dressFringe-detail rib-knit bodycon dress79.0,,44.9924.99

STRUCTURED DENIM SHIRT DRESSSmocked maxi dressGathered bodycon dress,79.0
,ORGANZA-PANELLED MIDI DRESS18.99
,V-neck dress89.0
,,BELTED LEATHER MIDI SHIRT DRESS21.99
,19.99Bow-detail one-shoulder dress
95.0,44.99
,Mini Wrap Shirt Dress,85.0
Babydoll Pleated Bodice Dress37.99

Frill-trimmed dress,,32.99
Tie-belt textured jersey dress32.99,
21.99
Knitted tunicOff-the-shoulder dress390.0,44.99
LAYERED BANDEAU MIDI DRESSFlowy Puff Sleeve Midi Dress,85.0
,Puff-Sleeve Mini Dress99.0,125.0
Wide T-Shirt Dress
,57.0
V-neck beach dressTextured mini dress,,37.99
Draped dress,27.99
FLARED POLO SHIRT DRESS,95.0
Bandeau dressTwist-Front Bustier Dress,120.0
Pleated Midi Dress,97.0
Loose T-Shirt Midi Dress,35.0
Mini Cotton Dress,79.0
Midi Wrap Dress,,32.9995.0
Hooded sweatshirt dress44.99,19.99
,Tie-belt cotton dress27.99
,27.99Flared-skirt dress,
Gathered bodycon dress,89.99
Flounce-trimmed dress,79.99
Smocked maxi dress,32.99
Flounce-trimmed strappy dress,64.99
H&M+ Smocking-detail crêpe dress,19.99
Linen-blend dress
,37.99
SLIM-FIT SATIN MINI DRESS,89.012.99

LEOPARD-PRINT MIDI SHIRT DRESSSmock-detail dress,,27.99
Boat-neck jersey dress,,85.0

Butterfly-sleeved dress,24.99
V-neck sequined dressGATHERED ASYMMETRIC MIDI DRESS,34.99

Open-backed sequined dress,29.99
Broderie anglaise dressOversized printed sweatshirt dress,
,44.99
21.99Smocked maxi dress
,Shift dressPuff-sleeved midi dress,39.99115.0
Linen-blend shirt dress
,VOLUMINOUS TEXTURED MIDI DRESS32.99
12.99Utility dress,135.0

,37.99
POLKA-DOT A-LINE MINI DRESSButton-front dressFlared-skirt jersey dress,135.0,,32.99
One-Shoulder Satin Midi Dress,85.0,
95.0
Asymmetric-hem slip dressRib-knit dress24.99,,
Rib-knit dressEmbellished mini dress,24.99
Collared knitted dress32.99,,34.99

,Gathered dress with flared skirt27.99
One-shoulder mini dress9.99,9.99,

Smocked-waist jersey dressStrappy viscose dress,15.99
Smocked-bodice dress
,12.99
Frill-trimmed cotton dress,15.99
Oversized tie-detail dressFlared-skirt cotton dress44.99,18.99

24.99Tie-belt blazer dress
Rib-knit turtleneck dress189.99,
29.99Lace-trimmed mesh dressRib-knit bodycon dress,24.99
Linen-blend flared-skirt dress,24.99
,Double-breasted blazer dress19.99
,79.99
37.99
,Broderie anglaise dress18.99,
17.99,64.99
Ribbed midi dress,18.99
,Linen shirt dress44.99,
44.99
Mermaid-skirt jacquard-weave dressTie-detail crinkled throw-on dress,24.99

Oversized T-shirt dressPuff-sleeved midi dress,12.99Shoulder-pad T-shirt dress,19.99
Flounced chiffon dressRib-knit dress,32.99
Sequined dress,
24.99,
44.99Tie-strap smocked dressRib-knit dress,,24.9912.99

Sequined bodycon dressMacramé-belt dress,49.99
Knitted turtleneck dress,27.99
Tie-belt shirt dress,24.99
Rib-knit turtleneck dress
,TIE-DETAIL SMOCKED MIDI DRESS32.99
HALTERNECK MAXI DRESSRibbed bodycon dress,,79.0,12.99
Ira Long Lace-up Dress,44.0
SQUARE-NECK KNITTED SLIP DRESS,95.0
Bead-decorated twill dress,32.99
V-neck tunicRibbed bodycon dress,18.99
Ribbed dress,21.99
Long rib-knit dress,44.99
,Bow-detail bodycon dress,9.9969.99
,Smocked bodycon dress24.99,
15.99
RACER-NECK MIDI DRESSGathered midi dress,,85.0,15.9918.99
Ribbed maxi dress,,12.99
21.99Tie-detail dress
A-line throw-on dress,15.99
Oversized T-shirt dress115.0,

Fitted blazer dressTie-detail cotton dress
,32.99,
44.99Crinkled dress
,
18.99
Sequined slit-hem dress,54.99
Bouclé-weave blazer dressCap-sleeved bodycon dress,54.99

Tulle evening gown
,249.99
Tie-belt muslin dressVoluminous tulle dress,,,15.99229.99
12.99Turtleneck dress
,27.99Collared dress
Silk shirt dressWashed-look ribbed maxi dress,19.99
Linen-blend shirt dressLace maxi dress,,27.99
,12.99
Plissé maxi dressStructured Mini Dress,37.99
Pintucked dress,32.9995.0
Crinkled Robe Dress

,Tie-strap smocked dress99.99
,TIE-DETAIL SMOCKED MIDI DRESS12.99
Flared-skirt cotton dress,79.0
,Balloon-sleeved chiffon dress,39.99
Oversized jersey dress,24.99
Draped crêpe dress,,189.9937.99

Modal-blend utility dressRib-knit silk-blend dress,Ribbed jersey dress,,37.9919.99
,Ribbed jersey dress67.0
,11.99
Muslin wrap dressGathered jersey dressMicrofibre maxi dress,,18.9918.99

Tie-detail dressDraped jersey dress,15.99
,27.99Tie-detail double-weave cotton dress
Lace bodycon dress,37.99
,29.99Tie-belt textured jersey dress
Strapless Bustier Midi Dress,120.0,
21.99
Broderie anglaise mini dress,42.9917.99
Jersey wrap dress18.99,24.99
Belted shirt dress
,37.99Tie-detail throw-on dress64.99,15.99

Tie-belt shirt dressH&M+ Lace dress,,,19.9919.99
H&M+ Knitted dress
,24.99
H&M+ Rib-knit bodycon dressOversized jersey dress,29.99
H&M+ Open-backed knitted dress,,24.99
37.99
Sequined slip dress,Shimmering rib-knit dress44.99
,44.99
Sequined deep-back dressDraped dress,37.99
Ribbed jersey dress
Frill-trimmed cotton dress,19.99
,15.99
Tie-belt shirt dress,,27.9921.99

Tie-strap smocked dressDraped dress,27.99
Fringe-trimmed textured-knit dress,34.99
Sequined one-shoulder dress,44.99
T-shirt dress,17.99
Crinkled Maxi Dress,77.0
Coated bandeau dress,44.99
V-neck Maxi DressTapered-waist shirt dress,34.99
,Oversize T-Shirt Dress32.99
Ribbed bodycon dress,47.0
Bandeau dress,44.99
SHEER PLISSÉ MIDI DRESS,110.0
GATHERED ASYMMETRIC MIDI DRESS,85.0
Shirred Sleeveless Midi Dress,125.0
Jersey bodycon dress,14.99

OVERSIZED DENIM MINI SHIRT DRESS,110.0V-neck beach dress
Frill-collar dress,,12.99
Smocked off-the-shoulder dress,27.99
Knitted tunic,27.99
Bubble-hem bandeau dress,24.99
Bandeau dress,12.99
Tapered-waist dress,27.99
Ruffled off-the-shoulder dress,44.99
Ramie bandeau dress,64.99
Bubble-hem bandeau dress,24.99
Linen-blend shirt dress,32.99
Shift dress69.99,27.99
Linen-blend shirt dress,27.99
Draped cowl-neck dress,21.99
Button-front dress,32.99
Textured wrap dress,27.991999
Drawstring-detail midi dress,15.99
Linen-blend off-the-shoulder dress,44.99
Pintuck chiffon dress,44.99
Drawstring-detail dress,27.99
Collared cotton piqué dress,12.99
Ribbed jersey dress,19.99
Textured jersey maxi dress,34.99
Linen-blend shirt dress,27.99
Ribbed jersey dress,19.99
Pintuck chiffon dress,44.99
Pintucked dress,37.99
V-neck kaftan dress,44.99
Tie-strap smocked dress,12.99
Textured wrap dress,27.991999
Twist-detail T-shirt dress,42.99
Ribbed bodycon dress,9.99
Open-back crêpe dress
,19.99
Smock-waisted T-shirt dress,17.99
Flounced cold shoulder dress
,27.99
Long-sleeved jersey dress,34.99
Appliquéd maxi dress,89.99
OFF-THE-SHOULDER ASYMMETRIC MIDI DRESS,,79.0
18.99Oversized shirt dress
Cotton dress,18.99
Voluminous maxi dress,27.99
,Tie-belt dress54.99
Linen-blend embroidered dress,,27.9944.99
Broderie anglaise dress,69.99
Bow-detail maxi dressSlit-sleeved dress,39.99
Drawstring-detail dress,39.99
,Rhinestone-embellished dress21.99
Sequined deep-back dress,54.99
,Rib-knit dress37.99
Belted shirt dress,29.99,54.99
Layered cold shoulder dress,24.99

Tie-belt shirt dress,12.99
Crochet-look dress,37.99
Balloon-sleeved cut-out dress,27.99,
Smock-topped dress,,18.99
15.99Crinkled jersey dress
Fitted velour dress,15.99
Picot-trimmed jersey dress,18.99
,15.99
Rib-knit bodycon dressOff-the-shoulder poplin dress,,34.9927.99

Linen-blend bandeau dressA-line dress,54.99,
Ribbed bodycon dress18.99
Cotton T-shirt dress,9.99
,KNITTED WOOL FLARED MINI DRESS12.99999
Strappy viscose dress,95.0
,15.99Crochet-look strappy dress
Flutter-sleeved throw-on dress,54.99
44.99Sequined dress
Tie-Neck Maxi Dress,119.0
,37.99Sequined one-shoulder dress
Wrap T-shirt dress,44.99
,Draped dress21.99
Viscose maxi dressOPEN-BACK TIERED DRESS,84.99
Patterned mesh dress,89.0,
44.99
GATHERED BUSTIER MIDI DRESSEra Boat Neck Mini Dress,89.0,
39.0
SLEEVELESS TOPSTITCHED MIDI DRESSPatterned viscose dress,64.99,95.0
Crêpe satin dress,64.99Off-the-shoulder dress
,18.99Draped jersey dress,27.99
Linen-blend shirt dressShoulder-pad dress,27.99
,Scallop-edged dress27.99
,Open-back denim dress,29.99
H&M+ Turtleneck dress,34.99
Draped bodycon dress,15.99
Crinkled jersey dress,,19.9915.99
Strap-detail rib-knit dress,27.99
Double-layered bodycon dress
,19.99
Silk dress
Chiffon dress
,24.99V-neck beach dress,12.9937.99
34.99
Textured dress
,54.99
Drawstring-detail kaftan dressPointelle-knit beach dress,,24.99
Wrap dress,,17.9939.99
Frilled mini dressMini Poplin Strap Dress,44.0
Collared linen tunic,32.99
Bow-detail maxi dress,39.99
RUCHED MAXI DRESS,95.0
Pintuck chiffon dress,44.99
Oversized beach kaftan,,18.99
139.99Linen-blend bandeau dress
Relaxed Drawstring Tunic,54.99
Gathered one-shoulder dress,67.0,37.99
Tie-belt cotton dress,27.99

Relaxed Drawstring TunicASYMMETRIC GATHERED SATIN MIDI DRESS,99.0
WOOL-CREPE WRAP DRESS,115.0

Puff-sleeved crêpe dress
Crinkled cotton dress,29.99
Microfibre T-shirt dress,Lace-trimmed crinkled dress,49.99
Bandeau dress,12.99
Drawstring-detail dress,21.99
Tie-detail cotton dress,32.99
Ribbed dress,9.99
Embroidered dress,44.99
Lace-inset crêpe maxi dress,34.99
Tie-strap nylon dress,29.99
Off-the-shoulder dress,18.99
Flared-skirt bandeau dress15.99,64.99
Blazer wrap dress,29.99
Tie-detail beach dress,27.99
Microfibre T-shirt dress,15.99
Braid-trim T-shirt dress,42.99
Long halterneck dress,54.99
A-LINE MINI SHIRT DRESS,85.0
A-Line Linen Mini Dress,87.0
SCOOP-NECK JERSEY MIDI DRESS,75.0
Belted utility dress,37.99
Twist-detail crochet-look dress,29.99
Ribbed bodycon dress,9.99
ASYMMETRIC FLARED-HEM MAXI DRESS,115.0
Clair Open Back Mini Dress,39.0
Silk Crêpe Dress,159.0
Scoop-Neck Jersey Dress,77.0
SLEEVELESS OPEN-KNIT MIDI DRESS,110.0
PANELLED DENIM MINI DRESS,95.0
Square-neck bodycon dress,32.99
Belted cargo dress,54.99
KNITTED BODYCON MINI DRESS,69.0
Draped Midi Dress,95.0
Flutter-Sleeve Midi Dress,87.0
Draped jersey dress,21.99
Gathered turtleneck dress,21.99
Satin Midi Dress,97.0
Cut-out jersey dress,12.99
Long sleeved asymmetric dress,24.99
Long sleeved asymmetric dress,24.99
SLEEVELESS PLEATED MAXI DRESS,89.0
Tie-Neck Maxi Dress,119.0
Shawl-detail jersey dress,74.99
One-Shoulder Midi Dress,95.0
Puff-Sleeve Mini Dress,125.0
Draped jersey dress,21.99
Printed Midi Dress,119.0
Long sleeved asymmetric dress,24.99
Draped silk shirt dress,99.99
Mid-Length Print Dress,119.0
Pleated Midi Dress,125.0
Long sleeved asymmetric frill dress,29.99
Rib-knit bodycon dress,32.99
Oversized twist-detail dress,64.99
Long Sleeve Mini Dress,39.0
Utility dress,64.99
Square-neck rib-knit dress,27.99
Utility dress,64.99
Square-neck rib-knit dress,27.99
Cable-knit dress,44.99
Jade Sequin Bandeau Dress,59.0
RIBBED LONG-SLEEVED MIDI DRESS,55.0
Lace-trimmed ribbed dress,24.99
RIBBED LONG-SLEEVED MIDI DRESS,55.0
GATHERED-SLEEVE MINI SHIRT DRESS,85.0
SQUARE-NECK SCUBA MIDI DRESS,110.0
Stand-up collar dress,18.99
Rib-knit sweetheart-neck bodycon dress,24.99
DENIM MIDI SHIRT DRESS,115.0
Shiny shoulder-pad dress,27.99
Strapless Bustier Midi Dress,120.0
Open-back satin dress,32.99
SLEEVELESS DROPPED-WAIST MAXI DRESS,135.0
Bow-Detail Silk Dress,139.0
Cable-knit dress,32.99
Cut-out bodycon dress,37.99
Johanna Tank Dress,27.0
Knitted turtleneck dress,24.99
Merino Knit Midi Dress,110.0
Draped shirt dress,21.99
Frilled-collar dress,27.99
WAISTED MIDI SHIRT DRESS,89.0
Rhinestone-strap velour dress,18.99
Knitted turtleneck dress,24.99
Pleated Midi Dress,85.0
SMOCKED TANK DRESS,115.0
SMOCKED TANK DRESS,115.0
Sequined maxi dress,89.99
Linen Diagonal Wrap Dress,75.0
Long sleeved asymmetric frill dress,29.99
ASYMMETRIC TUNIC DRESS,89.0
Draped wrap dress,32.99
Rib-knit off-the-shoulder dress,27.99
Lace-trimmed ribbed dress,24.99
Rib-knit sweetheart-neck bodycon dress,24.99
Stand-up collar dress,18.99
Shiny shoulder-pad dress,27.99
Strapless Bustier Midi Dress,120.0
Cable-knit dress,32.99
Open-back satin dress,32.99
Bow-Detail Silk Dress,139.0
Johanna Tank Dress,27.0
Merino Knit Midi Dress,110.0
Knitted turtleneck dress,24.99
Draped shirt dress,21.99
Rib-knit off-the-shoulder dress,27.99
Rhinestone-strap velour dress,18.99
Pleated Midi Dress,85.0
Knitted turtleneck dress,24.99
Sequined maxi dress,89.99
Linen Diagonal Wrap Dress,75.0
Draped wrap dress,32.99
Collared Rib-Knit Midi Dress,110.0
Tweed Belted Mini Dress,135.0
Rib-knit bodycon dress,32.99
Ribbed Slim Midi Dress,95.0
Belted Utility Midi Dress,145.0
Rib-knit halterneck dress,27.99
Frill-trimmed dress,29.99
Gathered jersey dress,18.99
Turtleneck jersey dress,21.99
Crêpe shirt dress,32.99
Off-the-shoulder dress,27.99
Fitted Metallic Halterneck Dress,95.0
Smocked-Neck Mini Dress,95.0
Ribbed Twist-Front Midi Dress,65.0
Lace-trimmed satin dress,37.99
Emily Hooded Tank Dress,37.0
Long wool-blend dress,139.99
Collared Rib-Knit Midi Dress,110.0
Tweed Belted Mini Dress,135.0
Twist-Detailed Midi Dress,95.0
Ribbed Twist-Front Midi Dress,65.0
Belted Utility Midi Dress,145.0
Emily Hooded Tank Dress,37.0
Lace-trimmed satin dress,37.99
Long wool-blend dress,139.99
Shimmering open-back dress,37.99
Dolman Sleeve Mini Dress,95.0
Metal Chain Link Dress,125.0
Clair Open Back Mini Dress,39.0
Dyed Mini Net Dress,37.0
Bead-decorated dress,89.99
Cotton shirt dress,27.99
SQUARE-NECK KNITTED SLIP DRESS,95.0
PLEATED WOOL-BLEND SHIRT DRESS,115.0
Pleated jersey dress,27.99
Coated corset-style dress,44.99
Turtleneck Midi Dress,110.0
Knitted bandeau dress,39.99
Rhinestone-embellished bodycon dress,64.99
Wrap shirt dress,18.99
Rhinestone-strap one-shoulder dress,37.99
Floaty Oversized Midi Dress,97.0
DRAPED MINI T-SHIRT DRESS,65.0
Long Sleeve Mini Dress,39.0
PANELED DENIM SHIFT DRESS,95.0
PLISSÉ MIDI SLIP DRESS,85.0
Printed Buttoned Mini Dress,65.0
Jersey turtleneck dress,44.99
Puff Sleeve Midi Dress,120.0
Lace slip dress,69.99
Lace-inset cotton dress,34.99
Flounced cotton dress,29.99
Slim Fit Maxi Dress,29.99
Wrap shirt dress,18.99
Rhinestone-strap one-shoulder dress,44.99
Slim Fit Maxi Dress,29.99
Rhinestone-strap one-shoulder dress,44.99
Puff Sleeve Midi Dress,120.0
Printed Buttoned Mini Dress
,65.0
Ribbed bodycon dressSTRIPED RIBBED-KNIT MIDI DRESS,110.0
PLEATED KNITTED TURTLENECK MAXI DRESS,18.99
Linen-blend shirt dress,115.0
Eleana Sheer Rib Knit Mini Dress,54.99,55.0

Viscose Crêpe T-Shirt Dress,67.0
Linen Halterneck Maxi Dress,97.0
Draped jersey dress,37.99
37.99
Long strappy dress,27.99
Belted dress,27.99
Balloon-sleeved cotton dress,37.99
Crinkled off-the-shoulder dress,29.99
Smock Maxi Dress,87.0
Gathered satin dress,19.99
Crinkled off-the-shoulder dress,29.99
Smock Maxi Dress,87.0
Fringe-trimmed satin wrap dress,37.99
Fitted Sleeveless Maxi Dress,34.99
One-shoulder dress,64.99
Draped bodycon dress,19.99
Textured jersey dress,19.99
Ribbed bodycon dress,15.99
Oversized shirt dress,18.99
Mermaid-skirt jacquard-weave dress,24.99
Linen-blend dress,54.99
Smocked Mini Dress,77.0
Voluminous maxi dress,54.99
Jacquard-weave dress,37.99
Broderie anglaise dress,32.99
DryMove™ Tennis dress,27.99
Crinkled tie-detail dress,37.99
DryMove™ Tennis dress,27.99
Embroidered cotton dress,44.99
Tie-belt dress,32.99
Flutter-Sleeve Midi Dress,87.0
Blazer wrap dress,29.99
Fitted Sleeveless Maxi Dress,34.99
Tie-strap nylon dress,29.99
Short Sleeve Maxi Wrap Dress,49.99
Knitted beach dress,32.99
Tie-belt dress,27.99
Buttoned Short Sleeve Mini Dress,24.99
Tie-strap midi dress,27.99
Crochet-look fringe-trimmed knitted dress,24.99
Gathered viscose dress,54.99
Bandeau dress,12.99
Tie-detail beach dress,27.99
Rib-knit bodycon dress,27.99
Sleeveless plissé dress,44.99
Fitted Sleeveless Maxi Dress,34.99
Ribbed dress,9.99
Crochet-look fringe-trimmed knitted dress,24.99
Fringe-trimmed hole-knit dress,29.99
Broderie anglaise dress,32.99
ASYMMETRIC GATHERED-WAIST MIDI DRESS,79.0
Printed Midi Wrap Dress,87.0
Rib-knit silk-blend dress,79.99
Silk-blend rib-knit dress,74.99
Sheer chiffon dress,37.99
Johanna Tank Dress,27.0
Belted cargo dress,54.99
Scooped-back maxi dress,32.99
ASYMMETRIC GATHERED-WAIST MIDI DRESS,79.0
BUTTONED RIB-KNIT MAXI DRESS,95.0
Draped Satin Midi Dress,125.0
Gathered bodycon dress,22.99
SLEEVELESS TOPSTITCHED MIDI DRESS,95.0
Balloon-Sleeve Mini Dress,77.0
Silk Crêpe Dress,159.0
Scoop-Neck Jersey Dress,77.0
SLEEVELESS OPEN-KNIT MIDI DRESS,110.0
Voluminous Broderie Anglaise Mini Dress,75.0
PANELLED DENIM MINI DRESS,95.0
Rhinestone-embellished satin dress,29.99
Satin Midi Dress,97.0
SCULPTED WOOL-BLEND MINI DRESS,99.0
Lace bandeau dress,44.99
SLEEVELESS TOPSTITCHED MIDI DRESS,95.0
Balloon-Sleeve Mini Dress,77.0
Knot-detail jersey dressSleeveless plissé dress,21.99
GATHERED ASYMMETRIC MIDI DRESS,44.99
Glittery tie-detail tunic dress,85.0
Belted Utility Midi Dress,145.0
Draped dress,27.99
SPIRAL SEAM MAXI DRESS,115.0
Jersey bodycon maxi dress,15.99
Silk-blend knitted dress,84.99
Floaty Oversized Midi Dress,97.0
Draped shirt dress,21.99
Mini Cotton Dress,44.0
FLARED MINI T-SHIRT DRESS,65.0
Linen Shirt Dress,87.0
Textured-knit bodycon dress,24.99
Gathered bodycon dress,22.99
Panel-Waist Midi Dress,87.0
Ladder-stitch-look knitted dress,29.99
Patterned bandeau dress,54.99
DRAPED ASYMMETRIC MAXI DRESS,135.0
DRAPED MINI T-SHIRT DRESS,65.0
Long Sleeve Mini Dress,39.0
PANELED DENIM SHIFT DRESS,95.0
Denim Shirt Dress,87.0
Square-neck bodycon dress,32.99
MAMA Textured-knit jumper,44.99
Gathered bodycon dress,19.99
OVERSIZED POPLIN MINI SHIRT DRESS,85.0
Draped one-shoulder dress,37.99
Tapered-waist dress,27.99
Lace-inset cotton dress,34.99
Flounced cotton dress,29.99
Belted Linen Midi Dress,95.0
Gathered dress,49.99
Sequined dress,54.99
Rib-knit off-the-shoulder dress,32.99
Sleeveless Halterneck Midi Dress,125.0
Ribbed Twist-Front Midi Dress,65.0
Maxi Satin Slip Dress,55.0
Bow Linen Dress,67.0
Tiered Poplin Maxi Dress,49.99
OVERSIZED POPLIN MINI SHIRT DRESS,85.0
SHEER PLISSÉ MIDI DRESS,110.0
Asymmetric fine-knit dress,39.99
Linen jersey dress,29.99
Smock-topped dress,37.99
Rib-knit off-the-shoulder dress,32.99
Off-the-shoulder bodycon dress,29.99
Draped bodycon dress,24.99
Bow Linen Dress,67.0
Collared jersey dress,21.99
Rib-knit off-the-shoulder dress,32.99
FLARED MINI T-SHIRT DRESS,65.0
Draped dress,27.99
Cut-out bodycon dress,44.99
Collared rib-knit dress,32.99
Ladder-stitch-look knitted dress,29.99
Denim shirt dress,37.99
Textured jersey dress,21.99
Long rib-knit dress,44.99
Rhinestone-embellished dress,54.99
Twist-detail dress,21.99
Ladder-stitch-look knitted dress,29.99
Frill-trimmed mesh dress,29.99
Sequined dress,37.99
Tiered Tie-Detail Midi Dress,97.0
Sleeveless Halterneck Midi Dress,125.0
V-Cut Satin Midi Dress,125.0
Tie-belt crêpe dress,32.99
Flared-skirt bandeau dress,64.99
Twist-detail dress,21.99
Ladder-stitch-look knitted dress,29.99
Sequined dress,37.99
Mesh-detail bodycon dress,24.99
Slim Tank Midi Dress,75.0
Crêpe wrap dress,21.99
Glittery mesh dress,12.99
Slit-sleeved dress,39.99
Broderie anglaise dress,54.99
Rib-knit dress,42.99
Crinkled open-back dress,24.99
Mini Suiting Dress,44.0
Jersey bodycon maxi dress,15.99
One-Shoulder Midi Dress,77.0
Long halterneck dress,54.99
Twist-detail shirt dress,21.99
Maxi Satin Slip Dress,55.0
Slit-sleeved dress,39.99
Frill-trimmed mesh dress,29.99
Tie-belt shirt dress,19.99
Rib Square Neck Tee Dress,24.99
Tiered Maxi Dress,97.0
Puff Sleeve Midi Dress,120.0
Denim bodycon dress,34.99
Jersey wrap dress,32.99
Asymmetric jersey dress,119.99
Draped off-the-shoulder dress,54.99
Strappy Linen Midi Dress,97.0
Drawstring-detail dress,27.99
Square-neck rib-knit dress,27.99
VOLUMINOUS V-NECK MAXI DRESS,115.0
DROPPED-WAIST MAXI DRESS,115.0
Textured-knit bodycon dress,24.99
DryMove™ Tennis dress,32.99
Drawstring-detail dress,27.99
Long halterneck dress,54.99
Floaty Strappy Midi Dress,87.0
Mesh-detail bodycon dress,24.99
Textured-knit bodycon dress,24.99
Long Fitted Strap Dress,34.0
ASYMMETRIC PRINTED MIDI DRESS,115.0
Double-breasted blazer dress,54.99
Pleated Strappy Midi Dress,95.0
Tie-Cuff Midi Dress,125.0
LONG-SLEEVED PLISSÉ MIDI DRESS,99.0
Sleeveless A-Line Midi Dress,97.0
Knee length corduroy dungaree dress,39.99
Textured-knit bodycon dress,24.99
DryMove™ Tennis dress,32.99
Jersey bodycon dress,14.99
Draped shirt dress,21.99
Linen Shirt Dress,87.0
Rib-knit midi dress,29.99
Adjustable Shirt Midi Dress,97.0
A-Line Linen Mini Dress,87.0
Draped one-shoulder dress,37.99
Ladder-stitch-look knitted dress,29.99
Ribbed strappy dress,15.99
Textured jersey dress,19.99
Smock-detail dress,27.99
Jersey wrap dress,27.99
Pleated Halterneck Maxi Dress,125.0
Crêpe wrap dress,21.99
Smock-detail dress,27.99
Jacquard-weave strappy dress,84.99
Collared cotton piqué dress,12.99
Linen-blend wrap dress,32.99
Drawstring-detail cotton dress,27.99
Sleeveless dress,37.99
Chain-detail halterneck dress,37.99
SPIRAL SEAM MAXI DRESS,115.0
Frill-trimmed bodycon dress,29.99
Satin wrap dress,19.99
Crinkled tie-detail dress,29.99
Ribbed bodycon dress,17.99
Tapered-waist dress,37.99
Glittery mesh dress,12.99
Rib-Knit Tank Midi Dress,65.0
V-neck dress,44.99
Flared-skirt jersey dress,9.99
Fringe-trimmed hole-knit dress,29.99
V-neck dress,44.99
V-neck dress,37.99
Cotton dress,24.99
Draped bodycon dress,19.99
Floaty Strappy Midi Dress,87.0
Ribbed sleeveless dress,19.99
Off-the-shoulder cotton dress,44.99
Cap-Sleeve Dress,119.0
Midi Tank Dress,97.0
Flatlock-seam flared-skirt dress,24.99
Frill-trimmed bodycon dress,29.99
Scarf-collared twill dress,64.99
Rib-Knit Tank Midi Dress,65.0
Puffy Cotton Babydoll Dress,39.99
Flared-skirt jersey dress,9.99
Crinkled tie-detail dress,37.99
Sleeveless Slitted Maxi Dress,29.0
Gathered satin dress,19.99
Denim bodycon dress,34.99
Tunic dress,21.99
Fringed Knit Midi Dress,95.0
Slim Tank Midi Dress,75.0
Linen-blend shirt dress,54.99
Smocked-waist jersey dress,18.99
Gathered off-the-shoulder dress,29.99
Flounce-trimmed slip dress,37.99
Mini Suiting Dress,44.0
T-SHIRT MINI DRESS,45.0
Turtleneck knitted dress,32.99
Broderie anglaise dress,29.99
Square-neck bodycon dress,12.99
Draped jersey dress,27.99
Bouclé-knit bodycon dress,34.99
One-shoulder bubble-hem dress,44.99
Square-neck bodycon dress,12.99
Ribbed bodycon dress,12.99
Tie-strap dress,27.99
Broderie anglaise dress,29.99
Long sequined dress,64.99
Smocked-waist jersey dress,17.99
Draped jersey dress,27.99
Pleated one-shoulder dress,37.99
Bodycon dress,14.99
Broderie anglaise shirt dress,44.99
Smocked bandeau dress,49.99
SPLIT-HEM MIDI T-SHIRT DRESS,65.0
Tiered linen-blend dress,37.99
Wrap dress,32.99
Gathered bodycon dress,15.99
Bouclé dress,42.99
Draped bandeau dress,27.99
Rib-knit dress,24.99
Patterned kaftan dress,37.99
Bouclé-knit bodycon dress,34.99
Linen shirt dress,79.99
PLEATED-SKIRT T-SHIRT DRESS,95.0
Gathered bandeau dress,24.99
Crêpe shirt dress,32.99
Gathered dress,39.99
Twill drawstring dress,32.99
Oversized dress,18.99
Oversized silk-blend fine-knit dress,119.99
Relaxed Collared Mini Dress,97.0
Lace-trimmed mesh dress,24.99
Turtleneck dress,37.99
FLARED MINI T-SHIRT DRESS,65.0
Oversized knitted dress,19.99
Draped jersey dress,27.99
Draped shirt dress
Flounce-trimmed wrap dress,18.99
Viscose shirt dress,19.99
Crochet-look beach dress,29.99
Linen-blend shirt dress,24.99
One-shoulder bubble-hem dress,44.99
Crinkled tunic dress,74.99
,Flounced lace dress67.0
V-neck Maxi Dress,44.99
Pleated Midi Dress,97.0,34.99
Silk shirt dress,34.99Rib-knit dress
,27.99Silk-blend twill dress
,79.99
Flutter-Sleeve Midi Dress,87.0
Overlock-detail mesh bodycon dress,15.99
Rib-knit off-the-shoulder dress,24.99
Textured-weave wrap dress,69.99,
99.99
OPEN-BACK MINI PINAFORE DRESS,69.0
FLOATY GATHERED MIDI DRESS,89.0
PRINTED MIDI SHIRT DRESS,89.0
CORDUROY MIDI SHIRT DRESS,69.0
PLEATED WOOL MINI DRESS,125.0
CHECKED MINI SHIRT DRESS,115.0
RECYCLED SEQUINNED MINI DRESS,115.0
STRIPED MIDI WRAP DRESS,99.0
WAISTED MINI SHIRT DRESS,79.0
SQUARE-NECK DENIM MINI DRESS,79.0
OPEN-BACK TIERED DRESS,89.0
WAISTED MIDI SHIRT DRESS,99.0
PUFF-SLEEVE MIDI DRESS,89.0
GATHERED BUSTIER MIDI DRESS,89.0
BELTED MIDI SHIRT DRESS,99.0
OPEN-BACK SHIRRED BALLOON MINI DRESS,115.0
BOW SLEEVELESS MIDI SHIRT DRESS,89.0
PANELLED DENIM MINI DRESS,79.0
Patterned bodycon dress,39.99
Rib-knit dress,34.99
Rib-knit dress,24.99
Satin blazer dress,44.99
Ribbed tube dress,17.99
Slim Satin Midi Dress,97.0
Knitted dress,27.99
Beach wrap dress,19.99
Oversized knitted dress,19.99
Frill-trimmed one-shoulder dress,34.99
One-shoulder bubble-hem dress,44.99
Oversized rib-knit dress,44.99
Bouclé dress,39.99
Tapered-waist shirt dress,19.99
Twist-detail crinkled dress,139.99
Rib-knit bodycon dress,27.99
Tiered-skirt smocked dress,15.99
Linen Mini Dress,75.0
Shoulder-pad midi dress,44.99
Bead-detail tube dress,29.99
Lace slip dress,21.99
Open-back rib-knit dress,74.99
Flounce-detail mini dress,21.99
Frill-trimmed kaftan dress,54.99
Belted utility dress,37.99
Smocked off-the-shoulder dress,27.99
A-LINE MINI SHIRT DRESS,85.0
Flounce-trimmed slip dress,37.99
Washed Asymmetric Midi Dress,55.0
Draped jersey dress,27.99
Embroidered Maxi Dress,129.0
Pleated tie-front dress,29.99
Tie-detail cotton dress,32.99
GATHERED SILK-BLEND VELVET MIDI DRESS,135.0
Short v-neck a-line dress,34.99
VOLUMINOUS BELTED MIDI SHIRT DRESS,99.0
PRINTED MIDI SHIRT DRESS,99.0
GATHERED SILK-BLEND VELVET MIDI DRESS,135.0
OVERSIZED PLEATED HIGH-NECK MAXI DRESS,225.0
DRAPED WOOL-BLEND MIDI DRESS,135.0
V-NECK DOUBLE-FACED WOOL DRESS,135.0
Mesh slip dress,24.99
Satin wrap dress,29.99
Jersey bodycon maxi dress,15.99
Tie-belt corduroy dress,37.99
Tie-detail T-shirt dress,18.99
Draped shirt dress,21.99
Lyocell-blend satin dress,64.99
Draped shirt dress,21.99
Flared-skirt jersey dress,9.99
Linen-blend utility dress,27.99
Silk slip dress,189.99
Lyocell-blend satin dress,64.99
Oversized dress,18.99
Linen-blend midi dress,27.99
Smocked bodycon dress,15.99
Tie-detail double-weave cotton dress,37.99
Cap-sleeved jersey dress,12.99
Draped shirt dress,21.99
Draped shirt dress,21.99
Open-back satin dress,24.99
Flared-skirt jersey dress,9.99
Silk slip dress,189.99
Linen-blend blazer dress,44.99
Rib-knit dress,34.99
Oversized beach kaftan,18.99
Flounce-trimmed wrap dress,18.99
Sequined deep-back dress,37.99
Gathered bodycon dress,19.99
Rib-knit bodycon dress,27.99
Bandeau dress,44.99
Stand-up collar dress,18.99
Buckle-detail blazer dress,44.99
Bouclé-knit dress,37.99
Jersey off-the-shoulder dress,89.99
Long lace dress,37.99
Rib-knit midi dress,29.99
Bow-detail one-shoulder dress,44.99
A-line jersey dress,9.99
Sleeveless dress,37.99
Flared-skirt jersey dress,9.99
Sequined wrap dress,44.99
Linen-blend midi dress,32.99
Lace-trimmed slip dress,19.99
Textured wrap dress,27.991999
Jersey wrap dress,27.99
Sequined dress,37.99
Cap-sleeved jersey dress,12.99
Scoop-neck beach dress,21.99
Kaftan beach dress,32.99
Broderie anglaise dress,64.99
Slim Satin Midi Dress,97.0
Broderie anglaise dress,29.99
Ribbed bodycon dress,18.99
Rib-knit off-the-shoulder dress,24.99
Pleated dress,17.99
Tie-belt shirt dress,32.99
Bandeau bodycon dress,54.99
Gathered bodycon dress,18.99
Oversized off-the-shoulder dress,37.99
Frill-trimmed kaftan dress,54.99
Embroidered strappy dress,74.99
Ribbed strappy dress,15.99
Ladder-stitch-look knitted dress,29.99
Rib-knit off-the-shoulder dress,24.99
Smocked off-the-shoulder dress,27.99
Embroidered cotton dress,44.99
Linen-blend bandeau dress,37.99
Linen A-Line DressJersey bodycon maxi dress,15.99
Tie-detail cotton dress,32.99
,77.0
Crochet-look knitted dressLace slip dress,21.99
Balloon-sleeved open-backed dress,19.99
Puff Sleeve Mini Dress,120.0
,Gathered dress,19.99
Linen-blend dress,54.99
Jacquard-weave dress,,39.99
21.99
Rhinestone-embellished dress,Drawstring-detail cotton dress,27.99
Textured wrap dress,27.991999
Flounce-trimmed dress,54.99
DryMove™ Tennis dress,27.99
Flared-skirt bandeau dress,64.99
Textured jersey dress,19.99
Tie-belt dress,27.99
Blazer wrap dress,29.99
Ribbed dress,21.99
ASYMMETRIC PRINTED MIDI DRESS,115.0
BELTED RUFFLED MIDI SHIRT DRESS,99.0
THE TAILORED MINI DRESS,150.0
Silk smock-waisted dress,119.99
SWEETHEART-NECKLINE DRESS,89.0
GATHERED STRAPPY MINI DRESS,89.0
SWIRL-PRINT SATIN MIDI DRESS,89.0
ASYMMETRIC-SLEEVE DRAPED MIDI DRESS,115.0
Tapered-waist dress,37.99
Puff-sleeved midi dress,19.99
Plissé dress,27.99
Denim pinafore dress,19.99
Jersey wrap dress,21.99
Drawstring-detail T-shirt dress,21.99
Lace-up dress,29.99
Crinkled dress,18.99
Crochet-look dress,74.99
Ramie bandeau dress,64.99
Lace-up dress,37.99
Ribbed dress,21.99
Knitted dress,37.99
MAMA Appliquéd one-shoulder dress,39.99
Draped bodycon dress,19.99
Cotton jersey wrap dress,19.99
Rib-knit dress,18.99
Mini Suiting Dress,44.0
Sleeveless Silk-Blend Midi Dress,95.0
Tiered Tie-Detail Midi Dress,97.0
Tie-strap dress,27.99
Tiered Tie-Detail Midi Dress,97.0
Muslin dress,15.99
Sequined slip dress,29.99
Lace-trimmed slip dress,44.99
Glittery jersey dress,18.99
Tie-strap dress,27.99
Tie-belt shirt dress,37.99
Collared linen tunic,32.99
Textured jersey dress,21.99
Rhinestone-embellished dress,44.99
Rib-knit turtleneck dress,27.99
Slit-sleeved dress,39.99
Voluminous-Sleeve Midi Dress,125.0
Ribbed dress,21.99
Lace-collared bouclé dress,37.99
Tie-strap smocked dress,12.99
Embroidered dress,54.99
Pleated one-shoulder dress,37.99
Draped bandeau dress,27.99
Double-breasted blazer dress,49.99
V-neck dress,24.99
GATHERED LINEN MIDI DRESS,79.0
Rib-knit dress,24.99
Seersucker Maxi Dress,95.0
Gathered bandeau dress,24.99
One-shoulder bodycon dress,21.99
V-neck tunic,18.99
Long sequined dress,64.99
Sequined gathered dress,32.99
Twist-detail jersey dress,54.99
Satin Midi Dress,95.0
High-Neck Rib Dress,129.0
Rhinestone-embellished dress,37.99
Linen-blend strappy dress,44.99
Chiffon beach kaftan,19.99
Tiered linen-blend dress,37.99
Smocked-waist jersey dress,17.99
Wrap-skirt shirt dress,24.99
Jersey bodycon dress,14.99
Long strappy dress,18.99
Viscose shirt dress,19.99
Rib-knit dress,27.99
Linen Diagonal Wrap Dress,75.0
Patterned jersey dress,19.99
GATHERED BUSTIER MIDI DRESS,89.0
Jersey bandeau dress,12.99
Flowy Puff Sleeve Midi Dress,85.0
Flowy Puff Sleeve Midi Dress,85.0
GATHERED BUSTIER MIDI DRESS,89.0
Jersey bandeau dress,12.99
Silk-blend blazer dress,119.99
Tie-belt shirt dress,37.99
Oversized zip-top dress,34.99
Silk-blend maxi dress,169.99
Crochet-look knitted dress,19.99
Patterned jersey dress,19.99
Low-back knitted bodycon dress,24.99
Linen loungewear kaftan,37.99
Patterned viscose dress,32.99
Crochet-look beach dress,29.99
ASYMMETRIC GATHERED SATIN MIDI DRESS,99.0
PLEATED V-NECK LINEN MIDI DRESS,115.0
Belted Linen Midi Dress,95.0
Cable-knit dress,34.99
Linen-Blend Mini Dress,77.0
VOLUMINOUS V-NECK DRESS,89.0
Little black dress,79.99
FLORAL-PRINT V-NECK MIDI DRESS,135.0
ZIP-UP DENIM SHIRT DRESS,89.0
GATHERED STRAPPY MINI DRESS,89.0
PLEATED HALTERNECK MIDI DRESS,99.0
DRAPED PLEATED MAXI DRESS,135.0
CORDUROY MIDI SHIRT DRESS,79.0
SCARF-DETAIL MAXI DRESS,115.0
SLEEVELESS PLEATED MINI DRESS,115.0
Loose-knit silk-blend dress,119.99
Butterfly Sleeve Dress,85.0
Drawstring-detail dress,18.99
Ribbed bandeau dress,9.99
Ribbed dress,21.99
One-shoulder bubble-hem dress,44.99
Oversized tie-detail dress,32.99
Textured dress,54.99
Crochet-look beach dress,44.99
Shimmering bandeau dress,32.99
Oversized T-shirt dress,12.99
H&M+ Crêpe wrap dress,24.99
Draped one-shoulder dress,37.99
Button-front dress,32.99
Draped jersey dress,37.99
PLEATED BANDEAU MINI DRESS,115.0
POLKA-DOT SHEER-PANEL MAXI DRESS,135.0
OVERSIZED-FIT WOOL T-SHIRT DRESS,89.0
POWER-SHOULDER MERINO WOOL MAXI DRESS,115.0
,24.99
Oversized T-shirt dress,12.99
Rib-knit dress,32.99
Sleeveless bodycon dress,19.99
Ribbed bandeau dress,9.99
Collared dress,19.99
Gathered bodycon dress,18.99
Draped dress,27.99
Ribbed bodycon dress,18.99
Linen-blend blazer dress,44.99
Sequined one-shoulder dress,139.99
One-shoulder dress,32.99
Draped dress,27.99
Collared rib-knit dress,24.99
Long cotton shirt dress,54.99
Balloon-sleeved tunic dress,19.99
Rib-knit dress,32.99
Plissé wrap dress,29.99
Crinkled tunic dress,24.99
Gathered bodycon dress,18.99
Viscose shirt dress,19.99
Double-breasted blazer dress,34.99
Ribbed bodycon dress,15.99
Draped dress,27.99
One-shoulder dress,32.99
Collared rib-knit dress,24.99
Draped dress,27.99
Sculptural Zip-Up Mini Dress,97.0
Balloon-sleeved tunic dress,19.99
Tie-belt denim dress,37.99
Draped jersey dress,12.99
Muslin dress,15.99
Crinkled wrap dress,17.99
Ribbed bandeau dress,9.99
Pleated chiffon dress,44.99
Belted shirt dress,37.99
Linen-blend shirt dress,54.99
Wrap dress,17.99
Rib-knit dress,32.99
Bouclé blazer dress,54.99
Satin slip dress,24.99
Jersey bodycon dress,14.99
Lace-trimmed slip dress,19.99
Cap-sleeved jersey dress,12.99
Linen-blend dress,54.99
Gathered bodycon dress,39.99
Halterneck Satin Maxi Dress,97.0
PLEATED MIDI DRESS,89.0
Silk-blend knitted dress,79.99
OVERSIZED-FIT WOOL T-SHIRT DRESS,89.0
LIGHTWEIGHT MERINO-WOOL TURTLENECK DRESS,89.0
POWER-SHOULDER MERINO WOOL MAXI DRESS,115.0
GATHERED T-SHIRT DRESS,79.0
Shimmering rib-knit dress,54.99
Tie-Neck Midi Dress,85.0
Sheer Maxi Dress,119.0
Flutter-Sleeve Midi Dress,87.0
Ribbed bodycon dress,9.99
Mini bandeau dress,27.99
Linen-blend shirt dress,24.99
Belted utility dress,37.99
Puff dress,99.99
WAISTED PLEATED MIDI DRESS,95.0
Square-neck twill dress,27.99
Silk dress,139.99
Smock-detail dress,37.99
Short Poplin Mini Dress,39.99
Cut-out bodycon dress,15.99
Sequined slip dress,29.99
Smock-detail dress,37.99
Silk dress,139.99
Silk-blend halterneck dress,189.99
Fringe-trimmed T-shirt dress,19.99
Denim bandeau dress,37.99
Crêpe shirt dress,29.99
Embroidered Maxi Dress,129.0
Flared-skirt dress,27.99
Leather mini dress,279.99
Fine-knit cardigan dress,37.99
Fitted blazer dress,44.99
Double-weave cotton dress,27.99
VOLUMINOUS V-NECK DRESS,89.0
V-neck tunic,18.99
Midi Print Dress,97.0
Linen-blend strappy dress,44.99
Shirt dress,32.99
DENIM MAXI SHIRT DRESS,135.0
Twist-detail twill dress,74.99
FLUID TWILL SHIRT DRESS,95.0
GATHERED-SLEEVE MINI SHIRT DRESS,85.0
Fitted Back Cut-Out Dress,75.0
ASYMMETRIC LACE-TRIMMED SATIN DRESS,135.0
WAISTED MIDI SHIRT DRESS,89.0
ASYMMETRIC-SLEEVE MIDI DRESS,99.0
ASYMMETRIC WOOL SHIRT DRESS,115.0
Utility dress,37.99
Tie-belt dress,27.99
Ribbed dress,17.99
Bow-detail one-shoulder dress,29.99
Pintucked ramie dress,44.99

Tapered-waist dress,27.99
Sheer asymmetric dress,19.99
Fitted satin dress,44.99
Shoulder-pad T-shirt dress,15.99
Ribbed dress,9.99
Belted utility dress,37.99
Broderie anglaise linen dress,54.99
Tie-strap dress,37.99
SPLIT-HEM MIDI T-SHIRT DRESS,65.0
Long wrap dress,29.99
BATWING-SLEEVE T-SHIRT DRESS,75.0
Ribbed bodycon dress,9.99
PLEATED-SKIRT T-SHIRT DRESS,95.0
Satin Midi Dress,97.0
Silk-blend maxi dress,119.99
BUTTONED RIB-KNIT MAXI DRESS,95.0
Ribbed dress,21.99
Strappy dress,18.99
Cap-sleeved jersey dress,12.99
SLEEVELESS CUTOUT MAXI DRESS,89.0
Draped jersey dress,49.99
ZIP-FRONT V-NECK MIDI DRESS,95.0
BATWING-SLEEVE T-SHIRT DRESS,75.0
Silk-blend maxi dress,119.99
Frilled Mini Dress,97.0
One-shoulder bodycon dress,21.99
Frill-trimmed dress,44.99
MINI LINEN-BLEND WRAP DRESS,79.0
Chiffon dress,37.99
DRAPED SLEEVELESS DRESS,79.0
Short Poplin Mini Dress,39.99
Turtleneck bodycon dress,37.99
Balloon-sleeved knitted dress,34.99
Twist-detail dress,21.99
Lace dress,24.99
Silk dress,139.99
Collared jersey dress,21.99
Off-the-shoulder bodycon dress,29.99
Gathered off-the-shoulder dress,15.99
Balloon-sleeved knitted dress,34.99
Rib-knit bodycon dress,34.99
Cable-knit dress,37.99
Viscose shirt dress,19.99
Sequined tie-back dress,44.99
A-line throw-on dress,15.99
Cap-sleeved jersey dress,12.99
Pleated wrap dress,32.99
V-neck bodycon dress,24.99
Drawstring-detail midi dress,15.99
Crocheted Halterneck Mini Dress,85.0
Puff-sleeved poplin dress,24.99
Gathered jersey dress,18.99
Lace bodycon dress,29.99
Shirred Sleeveless Midi Dress,125.0
Wrap dress,32.99
Fringe-trimmed textured-knit dress,34.99
PINSTRIPED SHIRT DRESS,85.0
Bandeau dress,44.99
,19.99
Double-layered sheer dress,29.99
Broderie anglaise beach kaftan,44.99
Collared cotton piqué dress,12.99
Draped one-shoulder dress,37.99
V-neck wrap dress,24.99
Collared cotton piqué dress,12.99
Linen-blend blazer dress,44.99
Draped jersey dress,12.99
A-LINE MINI SHIRT DRESS,85.0
SCOOP-NECK JERSEY MIDI DRESS,75.0
Broderie anglaise strappy dress,44.99
Deep-back knitted dress,27.99
Double-layered sheer dress,29.99
Pleated Halterneck Maxi Dress,125.0
Linen-blend shirt dress,37.99
Sequined fishnet dress,24.99
Textured jersey dress,19.99
Twist-strap jersey dress,18.99
OVERSIZED OPEN-COLLAR SHIRT DRESS,75.0
Flounce-trimmed dress,54.99
V-neck Maxi Dress,34.99
Flared-skirt dress,21.99
Textured jersey dress,27.99
Flounce-top strappy dress,44.99
Silk-blend satin dress,54.99
Voluminous Broderie Anglaise Mini Dress,75.0
Poplin shirt dress,24.99
Linen Utility Midi Dress,125.0
Scoop-neck jersey dress,44.99
Butterfly-sleeved dress,24.99
Hole-knit mini beach dress,21.99
Satin wrap dress,19.99
Draped jersey dress,27.99
FLARED MINI T-SHIRT DRESS,65.0
Gathered Sleeveless Midi Dress,97.0
Linen-blend wrap dress,34.99
Pleated jersey dress,24.99
Frill-trimmed mesh dress,29.99
Slim Tank Midi Dress,75.0
Tie-detail dress,21.99
Off-Shoulder Maxi Dress,77.0
RUCHED MAXI DRESS,95.0
Embroidered Ruffle Mini Dress,87.0
Long Denim Tube Dress,49.99
Fitted Sleeveless Maxi Dress,34.99
49.99
Silk-blend twill dress,79.99
A-Line Short-Sleeve Dress,65.0
Balloon-sleeved open-backed dress,19.99
Linen-blend utility dress,27.99
Floral-Appliqué Mini Dress,120.0
Square-neck bodycon dress,12.99
Gathered Sleeveless Midi Dress,97.0
Draped jersey dress,27.99
One-Shoulder Satin Midi Dress,95.0
Floaty Mini Dress,85.0
Smocked-Neck Mini Dress,95.0
Open Back Midi Dress,120.0
Flounce-trimmed slip dress,37.99
Flounce-detail mini dress,21.99
PLEATED WOOL-BLEND SHIRT DRESS,115.0
A-LINE MINI SHIRT DRESS,85.0
OVERSIZED WAISTED DENIM SHIRT DRESS,115.0
Open-back rib-knit dress,74.99
Linen Mini Dress,75.0
Belted shirt dress,44.99
54.99
Long rib-knit dress,44.99
Bandeau dress,19.99
MÉLANGE RIBBED MIDI DRESS,99.0
Draped satin dress,54.99
POWER-SHOULDER T-SHIRT DRESS,79.0
Cable-knit dress,32.99
Open Tie-Back Pointelle Knit Dress,95.0
Linen shirt dress,79.99
Rib-knit dress,32.99
PLEATED MIDI DRESS,89.0
Rib-knit dress,32.99
Oversized printed sweatshirt dress,24.99
Rib-knit button-front dress,64.99
Rib-knit dress,32.99
Turtleneck bodycon dress,37.99
Knitted dress,27.99
PLEATED MINI DRESS,69.0
ASYMMETRIC ONE-SHOULDER MIDI DRESS,79.0
